SCENE COMPLEXITY,EARLY OUT,BOX EARLY OUT,BVH,BOX BVH,TOTAL TIME,TOTAL FRAMES,AVG TIME,AVG FPS,HIT RAYS,AVG STEPS,AVG EARLY OUT,AVG BVH DEPTH,MISSED RAYS,AVG STEPS,AVG EARLY OUT,AVG BVH DEPTH,FRAME TIMES,,,,,,,,,,,,,,,,,,,,,,,,,,,,,,,,,,,,,,,,,,,,,,,,,,,,,,,,,,,,,,,,,,,,,,,,,,,,,,,,,,,,,,,,,,,,,,,,,,,,,,,,,,,,,,,,,,,,,,,,,,,,,,,,,,,,,,,,,,,,,,,,,,,,,,,,,,,,,,,,,,,,,,,,,,,,,,,,,,,,,,,,,,,,,,,,,,,,,,,,,,,,,,,,,,,,,,,,,,,,,,,,,,,,,,,,,,,,,,,,,,,,,,,,,,,,,,,,,,,,,,,,,,,,,,,,,,,,,,,,,,,,,,,,,,,,,,,,,,,,,,,,,,,,,,,,,,,,,,,,,,,,,,,,,,,,,,,,,,,,,,,,,,,,,,,,,,,,,,,,,,,,,,,,,,,,,,,,,,,,,,,,,,,,,,,,,,,,,,,,,,,,,,,,,,,,,,,,,,,,,,,,,,,,,,,,,,,,,,,,,,,,,,,,,,,,,,,,,,,,,,,,,,,,,,,,,,,,,,,,,,,,,,,,,,,,,,,,,,,,,,,,,,,,,,,,,,,,,,,,,,,,,,,,,,,,,,,,,,,,,,,,,,,,,,,,,,,,,,,,,,,,,,,,,,,,,,,,,,,,,,,,,,,,,,,,,,,,,,,,,,,,,,,,,,,,,,,,,,,,,,,,,,,,,,,,,,,,,,,,,,,,,,,,,,,,,,,,,,,,,,,,,,,,,,,,,,,,,,,,,,,,,,,,,,,,,,,,,,,,,,,,,,,,,,,,,,,,,,,,,,,,,,,,,,,,,,,,,,,,,,,,,,,,,,
Low,FALSE,FALSE,FALSE,FALSE,9.887171,344,0.028742,34.792562,51093,9,0,0,308907,14,0,0,0.0283442,0.028351,0.0283568,0.0283577,0.0283583,0.0283594,0.0283598,0.0283604,0.0283682,0.0283694,0.028375,0.0283832,0.0283855,0.02839,0.0283917,0.0283947,0.0283958,0.0283974,0.028401,0.028405,0.0284085,0.0284104,0.0284118,0.0284122,0.0284305,0.0284309,0.0284326,0.0284408,0.0284461,0.0284513,0.028456,0.02846,0.0284601,0.0284608,0.0284646,0.0284679,0.0284684,0.0284704,0.0284714,0.0284733,0.0284733,0.0284753,0.0284761,0.0284772,0.0284819,0.0284834,0.0284891,0.0284911,0.0284928,0.0284938,0.028495,0.0284973,0.028498,0.0284986,0.0285002,0.0285041,0.0285061,0.0285086,0.0285124,0.0285128,0.0285133,0.0285197,0.028522,0.0285236,0.0285237,0.0285251,0.0285285,0.0285299,0.0285315,0.0285324,0.0285337,0.0285366,0.0285394,0.0285424,0.0285507,0.0285539,0.0285561,0.0285562,0.0285582,0.0285605,0.0285638,0.028567,0.0285703,0.0285708,0.0285714,0.0285758,0.0285786,0.0285815,0.0285843,0.0285852,0.0285854,0.0285864,0.0285874,0.0285878,0.0285884,0.0285909,0.0285922,0.0285941,0.0285968,0.0285968,0.0285983,0.0285987,0.0285988,0.0286019,0.0286025,0.0286026,0.0286035,0.0286059,0.0286075,0.0286087,0.0286118,0.0286143,0.0286203,0.0286205,0.0286222,0.0286241,0.0286243,0.028627,0.0286279,0.0286288,0.0286289,0.0286299,0.028632,0.0286332,0.0286339,0.0286368,0.0286369,0.0286375,0.0286396,0.02864,0.0286419,0.028643,0.0286455,0.0286464,0.0286501,0.0286504,0.0286505,0.0286512,0.0286535,0.0286551,0.0286555,0.0286556,0.0286578,0.0286593,0.0286635,0.0286649,0.0286656,0.0286662,0.0286662,0.0286664,0.0286682,0.0286683,0.0286688,0.0286699,0.0286704,0.0286709,0.0286757,0.0286757,0.028677,0.028678,0.0286781,0.0286784,0.028681,0.0286851,0.0286875,0.0286885,0.0286912,0.028692,0.0286928,0.0286997,0.028703,0.0287031,0.0287039,0.0287075,0.0287076,0.028709,0.0287094,0.0287136,0.028719,0.0287191,0.0287197,0.0287198,0.0287204,0.0287245,0.0287254,0.0287307,0.028731,0.0287348,0.0287358,0.0287374,0.0287377,0.0287427,0.0287447,0.0287449,0.0287496,0.0287499,0.0287503,0.0287505,0.0287507,0.0287513,0.0287519,0.028756,0.0287586,0.0287627,0.0287661,0.0287673,0.0287745,0.028775,0.028776,0.0287767,0.028779,0.0287798,0.0287802,0.0287817,0.0287849,0.0287858,0.0287862,0.0287875,0.0287887,0.0287918,0.028792,0.0287944,0.0287983,0.0287986,0.0288002,0.0288007,0.028807,0.0288074,0.0288077,0.0288093,0.0288093,0.0288108,0.0288115,0.0288164,0.0288173,0.0288174,0.0288199,0.0288227,0.0288255,0.0288259,0.0288278,0.0288289,0.0288292,0.02883,0.0288308,0.0288328,0.0288359,0.0288365,0.0288369,0.0288377,0.0288381,0.0288395,0.0288462,0.0288538,0.0288561,0.0288609,0.028861,0.0288611,0.0288624,0.0288633,0.0288671,0.0288686,0.0288773,0.0288781,0.0288801,0.0288802,0.0288827,0.0288831,0.028885,0.0288875,0.0288891,0.0288896,0.0288946,0.0288958,0.0289001,0.0289002,0.0289058,0.0289079,0.028911,0.0289195,0.0289216,0.0289225,0.0289236,0.0289279,0.0289339,0.0289348,0.0289373,0.0289391,0.0289397,0.0289652,0.0289653,0.0289668,0.0289676,0.0289749,0.0289749,0.028986,0.0289885,0.0289893,0.0289898,0.0289931,0.0290052,0.0290332,0.0290333,0.0290371,0.0290501,0.0290557,0.0290579,0.0290647,0.0290663,0.0290718,0.0290808,0.0290863,0.0291006,0.0291158,0.0291195,0.0291208,0.0291341,0.02914,0.0291607,0.0291703,0.0291928,0.0291955,0.0292003,0.029244,0.0292507,0.029254,0.0292656,0.0292692,0.0292709,0.0292727,0.0292752,0.0292837,0.0293017,0.0293068,0.0293217,0.0293228,0.0293553,0.0293589,0.0293683,0.0294105,0.0294559,0.0295577,0.0296473,0.0297316,,,,,,,,,,,,,,,,,,,,,,,,,,,,,,,,,,,,,,,,,,,,,,,,,,,,,,,,,,,,,,,,,,,,,,,,,,,,,,,,,,,,,,,,,,,,,,,,,,,,,,,,,,,,,,,,,,,,,,,,,,,,,,,,,,,,,,,,,,,,,,,,,,,,,,,,,,,,,,,,,,,,,,,,,,,,,,,,,,,,,,,,,,,,,,,,,,,,,,,,,,,,,,,,,,,,,,,,,,,,,,,,,,,,,,,,,,,,,,,,,,,,,,,,,,,,,,,,,,,,,,,,,,,,,,,,,,,,,,,,,,,,,,,,,,,,,,,,,,,,,,,,,,,,,,,,,,,,,,,,,,,,,,,,,,,,,,,,,,,,,,,,,,,,,,,,,,,,,,,,,,,,,,,,,,,,,,,,,,,,,,,,,,,,,,,,,,,,,,,,,,,,,,,
Low,FALSE,FALSE,TRUE,FALSE,9.894749,452,0.021891,45.680796,51092,11,0,2,308908,22,0,1,0.0215634,0.0215643,0.021565,0.0215659,0.0215675,0.0215716,0.0215733,0.0215742,0.0215758,0.0215772,0.0215776,0.0215834,0.0215898,0.0215938,0.0215943,0.0215946,0.0215997,0.0216021,0.0216021,0.0216032,0.0216033,0.0216048,0.0216055,0.0216093,0.02161,0.021611,0.0216137,0.021614,0.0216143,0.0216149,0.0216153,0.0216178,0.0216217,0.0216219,0.0216223,0.0216226,0.0216257,0.0216298,0.0216308,0.0216315,0.0216319,0.0216322,0.0216327,0.0216334,0.0216343,0.021635,0.0216354,0.0216375,0.021639,0.0216419,0.0216432,0.021644,0.0216468,0.0216472,0.0216511,0.0216518,0.0216531,0.0216563,0.021657,0.0216571,0.0216586,0.0216593,0.0216594,0.0216597,0.0216607,0.0216607,0.0216627,0.0216644,0.0216668,0.0216669,0.0216683,0.0216698,0.0216699,0.0216704,0.0216724,0.0216735,0.0216778,0.0216795,0.0216804,0.0216822,0.0216831,0.0216857,0.0216858,0.0216859,0.0216886,0.0216903,0.0216968,0.0216985,0.0216998,0.0217018,0.0217021,0.0217066,0.0217068,0.0217083,0.0217093,0.0217094,0.0217096,0.0217105,0.0217107,0.0217108,0.0217116,0.0217119,0.0217139,0.021719,0.0217205,0.021721,0.0217213,0.0217279,0.0217285,0.0217285,0.0217289,0.0217316,0.0217326,0.0217331,0.0217336,0.0217347,0.0217365,0.0217372,0.0217382,0.0217389,0.0217408,0.0217426,0.0217428,0.0217428,0.0217439,0.0217463,0.0217478,0.0217502,0.0217515,0.021752,0.0217528,0.0217531,0.0217535,0.021754,0.0217542,0.0217553,0.021756,0.0217575,0.0217622,0.0217627,0.0217633,0.0217645,0.0217646,0.0217651,0.0217655,0.0217657,0.0217665,0.0217677,0.0217679,0.0217687,0.0217697,0.0217708,0.021772,0.0217725,0.0217735,0.0217747,0.021775,0.0217758,0.0217784,0.0217785,0.0217796,0.0217799,0.0217809,0.0217812,0.0217815,0.0217846,0.021785,0.0217852,0.0217854,0.0217874,0.0217875,0.0217881,0.0217889,0.0217898,0.0217899,0.0217911,0.0217915,0.0217916,0.0217918,0.021793,0.0217967,0.0217968,0.0217969,0.0217985,0.021801,0.0218022,0.0218025,0.0218026,0.0218059,0.0218092,0.0218098,0.0218124,0.0218127,0.0218146,0.021819,0.0218205,0.0218224,0.0218229,0.0218245,0.0218248,0.0218253,0.0218254,0.0218258,0.0218268,0.0218268,0.021827,0.0218271,0.0218283,0.0218328,0.0218349,0.0218349,0.021836,0.0218376,0.0218386,0.0218417,0.0218437,0.0218457,0.0218462,0.0218492,0.0218522,0.0218546,0.0218551,0.0218599,0.0218602,0.021863,0.0218657,0.0218666,0.0218669,0.0218677,0.0218696,0.0218704,0.0218707,0.0218709,0.0218734,0.0218746,0.021875,0.021875,0.0218753,0.0218755,0.0218764,0.021877,0.0218781,0.0218793,0.0218798,0.0218809,0.0218824,0.0218825,0.0218834,0.0218834,0.0218839,0.0218845,0.0218868,0.0218909,0.0218945,0.0218952,0.0218972,0.0218975,0.0219021,0.0219049,0.021907,0.0219088,0.0219118,0.0219147,0.0219188,0.0219235,0.0219242,0.0219262,0.0219265,0.0219276,0.0219281,0.0219298,0.0219314,0.0219353,0.0219355,0.0219378,0.0219393,0.0219397,0.0219411,0.0219416,0.0219423,0.0219424,0.0219438,0.0219449,0.0219452,0.0219462,0.0219468,0.0219488,0.0219489,0.021954,0.0219558,0.0219571,0.0219624,0.021965,0.0219669,0.021967,0.0219673,0.0219683,0.0219693,0.0219699,0.0219705,0.0219728,0.0219738,0.0219747,0.0219785,0.0219794,0.0219799,0.0219802,0.021981,0.0219816,0.0219822,0.0219833,0.0219843,0.0219849,0.0219866,0.0219948,0.0219962,0.0219962,0.0219972,0.0219999,0.0220014,0.0220019,0.0220042,0.0220044,0.0220063,0.0220067,0.022008,0.0220082,0.0220088,0.0220113,0.0220137,0.0220142,0.0220173,0.0220173,0.0220183,0.0220199,0.0220203,0.0220206,0.0220214,0.022027,0.0220271,0.0220274,0.02203,0.0220301,0.0220354,0.0220359,0.0220369,0.0220374,0.0220383,0.0220422,0.0220431,0.0220458,0.0220552,0.0220564,0.0220574,0.0220595,0.0220607,0.0220626,0.0220631,0.0220641,0.0220646,0.0220653,0.0220666,0.0220719,0.0220727,0.0220731,0.0220738,0.0220742,0.0220768,0.0220792,0.0220802,0.0220806,0.0220821,0.0220828,0.0220847,0.0220848,0.0220849,0.0220881,0.0220905,0.0220909,0.0220985,0.0221013,0.0221015,0.0221031,0.0221049,0.0221059,0.0221084,0.022116,0.0221237,0.0221305,0.0221346,0.0221355,0.0221361,0.0221412,0.0221417,0.0221426,0.0221445,0.0221471,0.0221618,0.0221685,0.0221707,0.0221718,0.0221786,0.022181,0.022185,0.0221886,0.022189,0.0221902,0.022194,0.0221953,0.0221956,0.022212,0.0222131,0.0222172,0.0222181,0.0222202,0.0222233,0.0222283,0.0222292,0.022232,0.0222405,0.022243,0.0222444,0.0222625,0.0222667,0.0222715,0.0222717,0.0222735,0.0222774,0.0222811,0.0222823,0.0222846,0.0222918,0.0222997,0.022311,0.0223111,0.0223156,0.0223337,0.0223447,0.0223517,0.02236,0.0223687,0.0223856,0.0223889,0.0223926,0.0224028,0.022407,0.0224105,0.0224108,0.02242,0.0224331,0.0224534,0.0224707,,,,,,,,,,,,,,,,,,,,,,,,,,,,,,,,,,,,,,,,,,,,,,,,,,,,,,,,,,,,,,,,,,,,,,,,,,,,,,,,,,,,,,,,,,,,,,,,,,,,,,,,,,,,,,,,,,,,,,,,,,,,,,,,,,,,,,,,,,,,,,,,,,,,,,,,,,,,,,,,,,,,,,,,,,,,,,,,,,,,,,,,,,,,,,,,,,,,,,,,,,,,,,,,,,,,,,,,,,,,,,,,,,,,,,,,,,,,,,,,,,,,,,,,,,,,,,,,,,,,,,,,,,,,,,,,,,,,,,,,,,,,,,,,,,,,,,,,,,,
Low,FALSE,FALSE,TRUE,TRUE,9.87343,399,0.024745,40.411487,51092,11,0,2,308908,22,0,1,0.0242916,0.0242917,0.0242928,0.0242947,0.0242957,0.0243026,0.0243031,0.0243032,0.0243073,0.0243159,0.0243166,0.0243172,0.0243199,0.0243242,0.0243244,0.0243274,0.0243324,0.0243371,0.024339,0.024342,0.0243425,0.0243475,0.0243501,0.0243511,0.0243543,0.0243584,0.0243597,0.0243601,0.0243633,0.0243653,0.0243654,0.0243709,0.0243714,0.024373,0.0243749,0.0243763,0.0243788,0.0243789,0.02438,0.0243808,0.0243816,0.0243917,0.0243918,0.0243936,0.024395,0.0243981,0.0243989,0.0244044,0.0244064,0.0244145,0.024421,0.0244246,0.0244257,0.0244277,0.0244294,0.0244303,0.0244304,0.024431,0.0244314,0.0244315,0.0244337,0.0244345,0.0244381,0.0244392,0.02444,0.0244404,0.0244412,0.0244429,0.024444,0.0244457,0.0244485,0.0244486,0.0244496,0.0244499,0.0244514,0.024453,0.024453,0.0244532,0.0244533,0.0244535,0.0244543,0.0244568,0.0244612,0.0244649,0.0244652,0.024466,0.024466,0.0244693,0.0244715,0.0244717,0.024472,0.024473,0.0244776,0.0244797,0.0244798,0.02448,0.0244827,0.0244834,0.0244857,0.0244889,0.0244939,0.024494,0.0244961,0.0244977,0.024498,0.0244998,0.0245013,0.0245013,0.0245048,0.024508,0.0245104,0.0245107,0.0245113,0.0245119,0.0245124,0.0245162,0.0245171,0.0245183,0.0245222,0.0245242,0.0245252,0.0245272,0.0245273,0.0245291,0.024531,0.0245349,0.0245355,0.0245369,0.0245376,0.0245408,0.0245449,0.0245505,0.0245553,0.024556,0.0245588,0.0245606,0.0245611,0.024563,0.0245639,0.0245642,0.0245659,0.0245663,0.0245692,0.0245734,0.0245734,0.0245779,0.0245788,0.0245789,0.0245823,0.0245827,0.0245842,0.0245845,0.0245846,0.024585,0.0245876,0.0245889,0.0245906,0.024592,0.0245924,0.0245925,0.0245957,0.0245959,0.0245976,0.0245979,0.0245985,0.0246001,0.024601,0.0246015,0.0246034,0.0246042,0.0246042,0.0246059,0.0246077,0.0246088,0.0246096,0.0246102,0.024611,0.0246122,0.0246129,0.0246139,0.0246164,0.0246205,0.0246222,0.0246247,0.0246253,0.0246289,0.0246301,0.0246301,0.0246329,0.0246338,0.0246362,0.0246363,0.024637,0.0246378,0.0246389,0.0246392,0.0246395,0.024641,0.0246482,0.0246486,0.0246487,0.0246495,0.0246532,0.0246553,0.0246559,0.0246595,0.0246602,0.0246612,0.0246624,0.0246637,0.0246645,0.0246651,0.0246668,0.024668,0.0246703,0.0246719,0.0246744,0.0246764,0.0246775,0.0246787,0.0246823,0.0246826,0.0246828,0.0246838,0.0246849,0.0246849,0.0246859,0.0246872,0.0246906,0.0246907,0.0246914,0.024694,0.0246949,0.0246978,0.0246988,0.0246995,0.0247004,0.0247072,0.0247094,0.02471,0.024712,0.0247128,0.024713,0.0247177,0.0247221,0.0247224,0.0247259,0.0247297,0.0247312,0.0247337,0.0247369,0.0247453,0.024746,0.0247492,0.0247515,0.0247523,0.0247536,0.0247543,0.0247558,0.0247577,0.0247619,0.0247673,0.0247681,0.0247681,0.0247698,0.0247711,0.024772,0.0247739,0.0247782,0.0247881,0.0247897,0.0247918,0.0247926,0.0247953,0.0247975,0.0247987,0.0247996,0.0248011,0.0248025,0.0248028,0.0248058,0.0248071,0.0248081,0.0248101,0.0248104,0.0248116,0.024813,0.0248131,0.0248164,0.0248249,0.0248254,0.0248317,0.0248384,0.0248388,0.0248391,0.0248421,0.0248451,0.024848,0.0248496,0.0248545,0.0248557,0.0248656,0.0248678,0.0248684,0.0248695,0.0248715,0.0248755,0.0248765,0.0248815,0.0248824,0.0248854,0.024886,0.0248917,0.0248947,0.0248958,0.0249026,0.0249084,0.0249156,0.0249166,0.0249207,0.0249291,0.0249299,0.0249548,0.0249589,0.0249628,0.0249701,0.0249707,0.0249719,0.024972,0.0249726,0.0249817,0.024997,0.0249978,0.0250143,0.0250179,0.0250205,0.0250413,0.0250553,0.0250626,0.0250639,0.0250682,0.0250725,0.0250738,0.0250796,0.0250837,0.0251004,0.0251014,0.0251308,0.0251399,0.0251467,0.0251658,0.0251738,0.0251776,0.025181,0.025184,0.0251966,0.0252004,0.0252065,0.0252069,0.0252136,0.0252255,0.0252319,0.0252471,0.0252576,0.0252619,0.0252695,0.0252775,0.0253052,0.0253112,0.0253442,0.0253477,0.0253875,0.0253963,0.0254028,0.0254325,0.0254544,0.0254666,0.0254728,0.0255033,0.0255626,0.0255841,0.0256719,0.0256901,0.0257197,0.025737,0.025752,0.0257755,0.0257884,0.0259892,0.0260901,0.0261069,0.0261309,0.0261723,0.026189,0.026226,0.0262893,0.0263368,0.0263975,0.0264039,,,,,,,,,,,,,,,,,,,,,,,,,,,,,,,,,,,,,,,,,,,,,,,,,,,,,,,,,,,,,,,,,,,,,,,,,,,,,,,,,,,,,,,,,,,,,,,,,,,,,,,,,,,,,,,,,,,,,,,,,,,,,,,,,,,,,,,,,,,,,,,,,,,,,,,,,,,,,,,,,,,,,,,,,,,,,,,,,,,,,,,,,,,,,,,,,,,,,,,,,,,,,,,,,,,,,,,,,,,,,,,,,,,,,,,,,,,,,,,,,,,,,,,,,,,,,,,,,,,,,,,,,,,,,,,,,,,,,,,,,,,,,,,,,,,,,,,,,,,,,,,,,,,,,,,,,,,,,,,,,,,,,,,,,,,,,,,,,,,,,,,,,,,,,,,,
Low,FALSE,FALSE,FALSE,FALSE,9.902629,388,0.025522,39.181515,15247,8,0,0,344753,11,0,0,0.0252202,0.0252219,0.0252272,0.0252286,0.0252291,0.0252301,0.0252367,0.0252382,0.0252401,0.0252416,0.0252441,0.0252447,0.0252487,0.0252488,0.0252491,0.0252494,0.0252528,0.0252535,0.0252562,0.0252563,0.025262,0.0252663,0.0252667,0.0252695,0.0252708,0.0252741,0.0252798,0.0252822,0.0252884,0.025289,0.0252917,0.0252923,0.0252933,0.0252975,0.0252995,0.0253001,0.0253003,0.0253008,0.0253014,0.025302,0.0253025,0.0253029,0.0253033,0.025304,0.0253048,0.0253049,0.0253051,0.0253059,0.0253068,0.0253069,0.0253085,0.0253089,0.0253115,0.0253162,0.0253168,0.0253176,0.025318,0.025318,0.0253184,0.0253213,0.0253215,0.0253223,0.0253253,0.0253264,0.0253271,0.0253283,0.0253284,0.0253311,0.0253315,0.0253329,0.0253338,0.0253355,0.0253379,0.0253389,0.0253417,0.0253424,0.0253424,0.0253428,0.0253443,0.0253445,0.0253448,0.0253457,0.025346,0.0253462,0.0253462,0.0253472,0.0253476,0.0253478,0.0253486,0.0253494,0.0253499,0.0253515,0.0253518,0.0253528,0.0253541,0.0253547,0.025358,0.0253591,0.0253625,0.0253635,0.0253638,0.0253638,0.0253663,0.0253666,0.0253667,0.0253678,0.02537,0.0253739,0.0253759,0.0253761,0.0253771,0.0253787,0.0253797,0.0253807,0.0253822,0.0253833,0.0253837,0.0253852,0.0253861,0.0253881,0.025389,0.0253892,0.0253905,0.0253946,0.0253955,0.0253965,0.0253967,0.025398,0.0253982,0.0253991,0.0253996,0.0254009,0.0254017,0.0254028,0.0254043,0.0254099,0.0254129,0.0254133,0.0254134,0.0254146,0.0254152,0.0254173,0.0254178,0.0254182,0.0254184,0.0254212,0.0254228,0.0254235,0.0254315,0.0254318,0.0254328,0.0254333,0.0254336,0.0254341,0.0254348,0.025435,0.025435,0.0254363,0.025439,0.0254394,0.0254402,0.0254429,0.0254456,0.0254469,0.0254473,0.0254478,0.0254478,0.0254483,0.0254488,0.02545,0.0254518,0.0254536,0.0254546,0.0254564,0.0254571,0.0254574,0.025459,0.0254592,0.0254605,0.0254626,0.0254629,0.0254631,0.0254635,0.0254639,0.0254659,0.0254667,0.0254683,0.025469,0.0254697,0.025473,0.0254738,0.025475,0.0254804,0.0254805,0.0254817,0.0254823,0.0254864,0.0254866,0.0254872,0.0254875,0.0254878,0.025488,0.0254882,0.0254886,0.0254888,0.0254905,0.0254912,0.0254951,0.0254963,0.0254971,0.0254973,0.0254976,0.025498,0.0254982,0.0254995,0.0255015,0.0255016,0.0255041,0.0255054,0.0255056,0.0255059,0.0255067,0.0255073,0.0255074,0.0255115,0.0255147,0.0255151,0.0255173,0.025519,0.0255197,0.0255221,0.0255237,0.0255261,0.0255275,0.0255298,0.0255308,0.025531,0.0255317,0.0255322,0.0255322,0.0255326,0.0255343,0.0255356,0.0255379,0.0255401,0.0255402,0.0255408,0.0255411,0.0255422,0.0255453,0.0255459,0.025548,0.0255497,0.02555,0.0255532,0.0255552,0.0255556,0.025556,0.0255576,0.0255582,0.0255587,0.0255674,0.025568,0.0255702,0.0255725,0.0255725,0.0255728,0.0255732,0.0255741,0.0255764,0.0255773,0.0255782,0.0255815,0.0255816,0.0255843,0.0255854,0.0255858,0.0255867,0.0255895,0.0255939,0.0255951,0.0255952,0.0255957,0.0256012,0.0256026,0.0256053,0.0256072,0.0256074,0.0256081,0.0256088,0.0256101,0.0256139,0.0256142,0.0256164,0.0256164,0.0256192,0.0256194,0.0256197,0.0256203,0.0256208,0.0256218,0.0256263,0.0256273,0.0256281,0.0256289,0.0256362,0.0256404,0.025648,0.0256486,0.0256535,0.025657,0.0256652,0.0256663,0.0256702,0.0256741,0.0256747,0.0256778,0.0256948,0.025697,0.0257006,0.0257034,0.025706,0.025709,0.0257119,0.0257142,0.0257176,0.0257195,0.0257232,0.0257271,0.0257278,0.0257278,0.0257334,0.0257339,0.0257348,0.0257376,0.0257434,0.0257508,0.0257657,0.0257695,0.025774,0.0257751,0.0257897,0.0257931,0.0257961,0.0258066,0.0258079,0.025812,0.0258152,0.0258216,0.0258366,0.0258489,0.0258511,0.0258561,0.0258649,0.0258688,0.0258764,0.0258782,0.025882,0.0258833,0.0258929,0.0258996,0.0259168,0.0259484,0.0259552,0.0259608,0.0259627,0.0259683,0.0259721,0.0259783,0.0259847,0.0260048,0.0260123,0.0260338,0.0260615,0.0260797,0.0260954,0.0260988,0.026101,0.0261305,0.0261532,0.026167,0.0261727,0.0261738,0.0261853,0.026208,0.0262279,0.0262804,0.0262862,,,,,,,,,,,,,,,,,,,,,,,,,,,,,,,,,,,,,,,,,,,,,,,,,,,,,,,,,,,,,,,,,,,,,,,,,,,,,,,,,,,,,,,,,,,,,,,,,,,,,,,,,,,,,,,,,,,,,,,,,,,,,,,,,,,,,,,,,,,,,,,,,,,,,,,,,,,,,,,,,,,,,,,,,,,,,,,,,,,,,,,,,,,,,,,,,,,,,,,,,,,,,,,,,,,,,,,,,,,,,,,,,,,,,,,,,,,,,,,,,,,,,,,,,,,,,,,,,,,,,,,,,,,,,,,,,,,,,,,,,,,,,,,,,,,,,,,,,,,,,,,,,,,,,,,,,,,,,,,,,,,,,,,,,,,,,,,,,,,,,,,,,,,,,,,,,,,,,,,,,,,
Low,FALSE,FALSE,TRUE,FALSE,9.875186,751,0.013149,76.049201,15247,10,0,2,344753,15,0,1,0.0128127,0.0128153,0.0128155,0.0128198,0.0128214,0.012823,0.0128242,0.0128255,0.0128274,0.012828,0.0128309,0.0128383,0.0128387,0.012839,0.0128392,0.0128413,0.0128424,0.0128436,0.0128467,0.0128471,0.0128491,0.0128512,0.0128519,0.0128524,0.0128525,0.0128534,0.012854,0.0128542,0.0128557,0.0128561,0.0128572,0.012858,0.0128627,0.012863,0.0128634,0.0128644,0.0128665,0.0128679,0.0128689,0.0128694,0.0128696,0.0128697,0.0128698,0.0128702,0.0128708,0.0128731,0.0128732,0.0128747,0.0128757,0.0128761,0.0128775,0.0128782,0.0128786,0.0128789,0.012879,0.0128791,0.0128793,0.0128798,0.0128803,0.0128811,0.0128848,0.0128849,0.0128856,0.0128861,0.0128866,0.0128872,0.0128876,0.0128878,0.0128879,0.012888,0.0128882,0.0128906,0.0128907,0.0128915,0.0128916,0.012892,0.0128922,0.0128924,0.0128938,0.0128956,0.0128965,0.0128976,0.0128976,0.0128978,0.0128983,0.0128987,0.0128994,0.0129025,0.012903,0.0129031,0.0129036,0.0129038,0.0129047,0.0129057,0.0129058,0.0129059,0.0129062,0.0129062,0.0129074,0.0129074,0.0129082,0.0129085,0.0129092,0.0129097,0.0129109,0.012911,0.0129115,0.0129116,0.0129118,0.0129121,0.012914,0.0129142,0.012915,0.0129153,0.0129156,0.0129166,0.012917,0.012917,0.012917,0.0129174,0.0129176,0.0129181,0.0129184,0.0129192,0.0129197,0.0129203,0.0129204,0.0129205,0.0129209,0.0129222,0.0129225,0.0129227,0.0129228,0.0129235,0.0129236,0.0129244,0.0129264,0.0129267,0.0129277,0.0129286,0.0129291,0.01293,0.0129307,0.0129317,0.0129321,0.0129323,0.0129328,0.0129332,0.0129345,0.0129349,0.0129367,0.0129371,0.0129374,0.0129374,0.0129375,0.0129384,0.012939,0.0129395,0.0129398,0.0129398,0.0129408,0.0129414,0.0129415,0.0129415,0.0129422,0.0129425,0.0129426,0.0129437,0.0129447,0.0129448,0.0129453,0.0129456,0.0129479,0.0129485,0.012949,0.012949,0.0129493,0.0129494,0.0129494,0.0129496,0.0129506,0.0129514,0.0129524,0.0129553,0.0129556,0.0129558,0.0129567,0.012957,0.0129582,0.0129583,0.0129584,0.0129598,0.0129598,0.0129603,0.0129604,0.0129615,0.0129616,0.0129618,0.0129635,0.0129654,0.0129654,0.0129667,0.012967,0.0129671,0.0129677,0.0129678,0.0129694,0.0129696,0.0129698,0.01297,0.0129707,0.0129712,0.0129713,0.0129726,0.0129726,0.0129727,0.0129731,0.0129732,0.0129734,0.0129738,0.0129738,0.0129747,0.0129752,0.0129754,0.0129756,0.0129757,0.0129772,0.0129774,0.0129774,0.0129778,0.0129781,0.0129782,0.012979,0.0129799,0.0129805,0.0129811,0.0129839,0.012984,0.0129843,0.0129844,0.0129875,0.0129879,0.012989,0.0129891,0.0129902,0.0129909,0.0129919,0.0129926,0.0129928,0.0129943,0.0129961,0.0129984,0.0129986,0.0129991,0.0129999,0.013,0.0130002,0.013001,0.0130013,0.0130025,0.013003,0.0130035,0.0130035,0.0130035,0.013004,0.0130041,0.0130047,0.0130064,0.0130075,0.0130076,0.0130077,0.0130084,0.0130084,0.0130085,0.0130089,0.0130095,0.0130096,0.01301,0.0130102,0.0130104,0.0130105,0.0130107,0.0130121,0.0130122,0.0130122,0.0130138,0.0130141,0.0130166,0.0130167,0.0130168,0.0130168,0.0130175,0.01302,0.0130217,0.0130219,0.0130223,0.0130225,0.0130232,0.0130236,0.0130237,0.0130247,0.0130248,0.0130253,0.0130254,0.013026,0.0130262,0.0130272,0.0130274,0.0130277,0.0130282,0.0130283,0.0130286,0.0130306,0.0130307,0.0130322,0.0130335,0.0130342,0.013035,0.013037,0.013037,0.0130377,0.013038,0.0130392,0.0130396,0.0130398,0.013042,0.0130425,0.0130437,0.0130442,0.0130444,0.0130445,0.0130466,0.0130474,0.0130479,0.0130483,0.0130502,0.0130513,0.0130521,0.0130529,0.0130529,0.0130538,0.0130546,0.0130568,0.0130568,0.0130569,0.0130579,0.0130583,0.0130588,0.0130591,0.0130594,0.0130597,0.0130599,0.0130611,0.0130616,0.0130617,0.0130625,0.0130628,0.0130628,0.0130629,0.0130633,0.0130637,0.0130638,0.0130649,0.013068,0.0130693,0.0130697,0.0130698,0.0130701,0.0130702,0.0130702,0.0130702,0.0130704,0.0130711,0.0130726,0.0130752,0.0130759,0.0130761,0.013077,0.0130772,0.0130779,0.0130787,0.0130788,0.0130789,0.0130791,0.0130793,0.0130795,0.0130822,0.0130826,0.0130833,0.0130849,0.0130852,0.0130862,0.0130867,0.0130868,0.0130873,0.0130876,0.0130891,0.0130895,0.0130903,0.0130909,0.013091,0.0130915,0.0130917,0.0130923,0.0130935,0.0130942,0.013095,0.0130985,0.0130999,0.0131006,0.0131042,0.0131064,0.0131083,0.0131086,0.0131091,0.0131093,0.0131111,0.0131115,0.0131116,0.0131118,0.0131129,0.0131137,0.0131139,0.0131149,0.0131152,0.0131155,0.013116,0.0131174,0.0131177,0.013118,0.0131183,0.0131185,0.0131185,0.0131189,0.01312,0.0131208,0.0131212,0.0131215,0.0131216,0.013123,0.0131238,0.0131248,0.0131249,0.0131274,0.0131301,0.0131303,0.0131306,0.0131312,0.0131315,0.013133,0.0131335,0.0131335,0.0131354,0.0131363,0.0131364,0.0131364,0.0131373,0.0131376,0.0131387,0.0131401,0.0131413,0.0131424,0.0131431,0.0131432,0.0131432,0.0131438,0.0131441,0.0131444,0.0131457,0.0131459,0.0131479,0.0131487,0.0131498,0.0131499,0.0131508,0.0131516,0.0131519,0.0131529,0.0131534,0.0131546,0.0131562,0.0131595,0.0131597,0.0131614,0.0131626,0.0131643,0.013165,0.0131656,0.0131657,0.0131686,0.0131688,0.0131697,0.013171,0.0131711,0.0131719,0.0131736,0.0131736,0.013175,0.0131752,0.0131758,0.013176,0.0131761,0.0131765,0.013178,0.0131796,0.0131802,0.0131818,0.0131831,0.0131835,0.0131852,0.0131888,0.0131905,0.013191,0.0131923,0.0131927,0.0131942,0.0131947,0.0131959,0.0131977,0.0131986,0.0132001,0.0132017,0.0132031,0.0132048,0.0132052,0.0132066,0.0132077,0.0132115,0.0132118,0.0132119,0.0132134,0.0132136,0.0132138,0.013216,0.0132169,0.0132183,0.0132189,0.0132206,0.0132224,0.0132232,0.0132234,0.0132253,0.0132254,0.0132297,0.0132299,0.0132331,0.0132349,0.0132385,0.0132402,0.0132404,0.0132436,0.0132439,0.0132445,0.0132476,0.0132488,0.0132534,0.0132551,0.0132573,0.0132591,0.0132603,0.0132611,0.0132639,0.0132653,0.0132657,0.0132665,0.0132665,0.0132666,0.013269,0.01327,0.0132705,0.0132732,0.0132748,0.0132766,0.013279,0.0132811,0.0132817,0.0132827,0.0132834,0.0132837,0.0132846,0.0132854,0.0132857,0.0132896,0.0132912,0.013292,0.0132923,0.0132929,0.0132932,0.0132948,0.0132961,0.0133017,0.0133017,0.0133028,0.0133078,0.0133091,0.0133091,0.0133096,0.0133105,0.0133148,0.0133162,0.0133189,0.0133224,0.0133242,0.013325,0.0133328,0.0133345,0.0133382,0.0133434,0.0133513,0.0133557,0.0133564,0.0133634,0.0133634,0.0133663,0.01337,0.0133717,0.0133739,0.0133749,0.0133799,0.0133824,0.0133827,0.013383,0.0133838,0.013384,0.0133851,0.0133856,0.0133863,0.0133874,0.0133882,0.0133907,0.0133967,0.0134009,0.0134042,0.013407,0.0134073,0.0134111,0.0134177,0.0134186,0.0134222,0.0134285,0.0134344,0.0134363,0.0134365,0.0134373,0.0134405,0.0134421,0.013445,0.0134459,0.0134476,0.0134491,0.0134555,0.0134607,0.0134641,0.0134774,0.0134785,0.0134819,0.0134862,0.0134873,0.0134881,0.0134951,0.0135114,0.013512,0.0135132,0.0135145,0.0135149,0.0135149,0.0135165,0.0135189,0.0135198,0.0135203,0.013523,0.0135234,0.0135403,0.0135408,0.0135418,0.0135509,0.0135521,0.0135524,0.0135532,0.0135539,0.0135557,0.0135573,0.0135627,0.0135728,0.0135735,0.0135738,0.0135764,0.0135813,0.0135824,0.0135902,0.0135913,0.0135929,0.0135947,0.0135954,0.0135965,0.0136013,0.0136109,0.013616,0.0136283,0.0136345,0.0136416,0.0136477,0.0136587,0.0136685,0.0136762,0.0136813,0.0136864,0.013689,0.013693,0.0136949,0.0137075,0.013728,0.0137446,0.0137499,0.0137523,0.0137593,0.0137608,0.0137706,0.0137917,0.0137954,0.0137995,0.0138016,0.0138031,0.0138182,0.0138216,0.0138261,0.0138323,0.0138362,0.0138375,0.0138557,0.0138586,0.0138639,0.0138705,0.0138746,0.0138806,0.0138814,0.0138899,0.0138997,0.0139225,0.0139247,0.0139437,0.0139447,0.0139457,0.0139459,0.0139517,0.0139549,0.0139699,0.0139996,0.0140275,0.0140463,0.0140512
Low,FALSE,FALSE,TRUE,TRUE,9.898027,677,0.01462,68.397467,15247,11,0,2,344753,16,0,1,0.0143518,0.0143534,0.014354,0.0143557,0.0143564,0.014357,0.0143613,0.014362,0.0143655,0.0143661,0.0143664,0.0143666,0.0143671,0.0143679,0.0143692,0.0143693,0.0143707,0.0143714,0.0143721,0.0143726,0.0143742,0.0143749,0.0143755,0.0143757,0.0143768,0.0143768,0.0143796,0.0143799,0.0143799,0.0143806,0.0143809,0.0143812,0.014382,0.0143823,0.014383,0.0143837,0.0143837,0.0143843,0.0143845,0.0143848,0.014386,0.0143863,0.0143876,0.0143877,0.0143878,0.0143905,0.0143905,0.0143935,0.0143949,0.0143951,0.0143953,0.0143964,0.0143966,0.0143966,0.014397,0.014398,0.0143984,0.0143985,0.0143986,0.0143989,0.0144003,0.0144009,0.0144013,0.0144016,0.014402,0.0144021,0.0144024,0.0144026,0.0144029,0.0144048,0.0144048,0.014405,0.0144052,0.0144056,0.0144071,0.0144072,0.0144074,0.0144083,0.0144088,0.0144097,0.0144108,0.0144108,0.0144116,0.0144127,0.0144135,0.0144151,0.0144152,0.0144154,0.0144162,0.0144162,0.0144162,0.0144162,0.0144163,0.0144181,0.0144189,0.0144219,0.0144242,0.0144248,0.0144249,0.0144261,0.0144262,0.0144273,0.0144274,0.0144274,0.0144306,0.0144307,0.0144315,0.0144319,0.014432,0.0144329,0.0144334,0.0144342,0.0144349,0.0144354,0.014436,0.0144362,0.0144366,0.0144381,0.0144382,0.0144387,0.0144406,0.0144413,0.0144416,0.0144418,0.0144423,0.0144426,0.0144435,0.0144447,0.014445,0.0144452,0.0144452,0.0144459,0.0144462,0.0144467,0.0144467,0.0144468,0.0144474,0.0144481,0.0144485,0.0144486,0.0144487,0.0144489,0.0144489,0.0144507,0.0144508,0.0144509,0.0144511,0.0144527,0.0144536,0.0144539,0.0144549,0.0144558,0.0144559,0.014456,0.0144562,0.0144563,0.0144582,0.0144583,0.0144585,0.0144588,0.0144595,0.0144597,0.0144604,0.0144604,0.0144609,0.0144609,0.0144616,0.0144617,0.0144621,0.0144628,0.0144633,0.0144634,0.0144641,0.0144642,0.0144642,0.014466,0.0144672,0.0144677,0.0144678,0.0144688,0.0144689,0.0144693,0.0144697,0.0144718,0.014472,0.0144729,0.0144734,0.0144737,0.0144737,0.0144763,0.0144766,0.014477,0.0144776,0.0144783,0.0144787,0.0144803,0.0144805,0.0144819,0.0144822,0.0144822,0.0144836,0.0144842,0.0144849,0.0144853,0.0144854,0.0144854,0.0144862,0.0144868,0.0144876,0.014488,0.0144892,0.0144893,0.0144899,0.0144903,0.0144905,0.0144905,0.0144911,0.0144915,0.0144919,0.0144928,0.014493,0.0144949,0.014495,0.0144965,0.0144966,0.0144976,0.0144985,0.0144997,0.0145004,0.0145011,0.0145016,0.0145052,0.0145059,0.0145065,0.0145068,0.0145075,0.0145079,0.0145095,0.0145096,0.0145099,0.0145101,0.0145104,0.0145107,0.0145116,0.0145119,0.0145121,0.0145122,0.0145133,0.014514,0.0145148,0.0145159,0.0145159,0.0145182,0.0145184,0.0145192,0.0145195,0.0145196,0.0145198,0.01452,0.0145211,0.0145213,0.0145224,0.0145224,0.0145233,0.0145248,0.0145254,0.0145257,0.0145258,0.0145264,0.0145272,0.0145273,0.0145275,0.0145284,0.0145297,0.0145302,0.0145315,0.0145317,0.0145321,0.0145322,0.0145329,0.0145342,0.0145349,0.0145353,0.0145359,0.0145361,0.0145378,0.0145385,0.0145386,0.0145387,0.014539,0.0145395,0.0145411,0.0145412,0.0145416,0.014542,0.0145431,0.0145438,0.0145441,0.0145448,0.014545,0.0145454,0.0145473,0.0145476,0.014548,0.0145484,0.014549,0.0145491,0.0145495,0.0145511,0.0145552,0.0145555,0.0145573,0.0145577,0.0145578,0.0145581,0.0145604,0.0145604,0.0145605,0.0145605,0.0145608,0.0145615,0.0145619,0.0145623,0.0145625,0.0145627,0.0145639,0.0145658,0.0145664,0.0145665,0.0145667,0.014567,0.0145678,0.0145683,0.0145684,0.0145685,0.0145688,0.0145693,0.0145705,0.0145709,0.0145718,0.0145727,0.0145734,0.0145742,0.0145743,0.0145763,0.0145771,0.0145773,0.01458,0.0145803,0.0145807,0.014581,0.0145812,0.0145819,0.014582,0.014582,0.0145821,0.0145839,0.014584,0.0145841,0.0145845,0.0145851,0.0145856,0.0145866,0.0145869,0.014587,0.0145882,0.0145884,0.0145888,0.0145901,0.0145902,0.0145915,0.0145921,0.0145925,0.0145929,0.0145935,0.0145935,0.0145943,0.0145943,0.0145951,0.0145952,0.0145953,0.0145967,0.0145968,0.0145979,0.014599,0.014601,0.0146031,0.0146035,0.0146043,0.0146062,0.0146066,0.0146078,0.0146081,0.0146086,0.0146106,0.014611,0.0146117,0.0146123,0.0146124,0.0146128,0.0146135,0.0146147,0.0146148,0.0146149,0.0146168,0.0146177,0.0146183,0.0146191,0.0146198,0.0146199,0.014626,0.0146286,0.0146294,0.0146305,0.0146314,0.0146322,0.0146336,0.0146358,0.014639,0.0146418,0.0146422,0.0146441,0.0146444,0.0146461,0.0146462,0.0146479,0.0146494,0.0146496,0.0146497,0.01465,0.0146507,0.014651,0.0146513,0.0146515,0.0146527,0.0146549,0.0146549,0.0146553,0.0146557,0.0146566,0.0146594,0.0146596,0.0146597,0.0146597,0.0146613,0.0146627,0.0146639,0.0146644,0.0146651,0.0146655,0.0146659,0.0146698,0.0146707,0.0146711,0.0146714,0.0146715,0.0146727,0.0146754,0.0146757,0.0146763,0.0146782,0.0146791,0.0146791,0.0146798,0.0146803,0.0146813,0.0146836,0.0146839,0.0146841,0.0146842,0.0146866,0.0146867,0.0146886,0.0146894,0.0146907,0.0146925,0.0146929,0.0146949,0.0146951,0.0146956,0.0146958,0.0146973,0.0146975,0.0146979,0.0146989,0.0146996,0.0147005,0.0147029,0.0147033,0.0147052,0.0147064,0.0147066,0.014707,0.0147078,0.0147087,0.0147091,0.0147098,0.0147115,0.0147126,0.0147136,0.0147192,0.0147232,0.0147234,0.0147244,0.0147248,0.0147251,0.0147253,0.0147258,0.0147264,0.0147269,0.0147284,0.014729,0.0147318,0.0147318,0.0147364,0.0147375,0.0147381,0.0147389,0.0147399,0.0147406,0.0147409,0.0147419,0.0147423,0.0147432,0.0147457,0.0147457,0.0147462,0.0147495,0.0147511,0.0147524,0.0147524,0.0147536,0.0147543,0.0147553,0.0147565,0.0147566,0.0147569,0.0147606,0.0147615,0.0147673,0.0147707,0.0147728,0.0147761,0.0147761,0.0147786,0.0147802,0.0147813,0.0147827,0.0147831,0.0147833,0.0147849,0.0147857,0.0147858,0.0147872,0.0147882,0.0147889,0.0147899,0.0147909,0.0147922,0.0147942,0.014796,0.0147965,0.0147971,0.014799,0.0148016,0.0148019,0.0148021,0.0148027,0.0148052,0.0148094,0.0148109,0.014811,0.0148144,0.0148154,0.0148224,0.0148225,0.0148232,0.0148246,0.0148346,0.0148351,0.0148383,0.0148389,0.0148399,0.0148453,0.0148492,0.01485,0.0148516,0.0148546,0.0148579,0.0148709,0.0148714,0.0148794,0.0148794,0.0148843,0.0148851,0.0148868,0.0148892,0.0148904,0.0148988,0.0148988,0.0149004,0.0149035,0.014905,0.0149064,0.0149069,0.0149083,0.0149258,0.0149287,0.0149289,0.01493,0.0149333,0.014938,0.0149436,0.0149457,0.0149477,0.0149613,0.0149616,0.0149634,0.0149662,0.0149703,0.0149706,0.0149787,0.0149811,0.0149816,0.0149844,0.0149846,0.0149871,0.0149889,0.0149959,0.015,0.0150085,0.0150123,0.0150191,0.0150196,0.0150248,0.0150266,0.0150285,0.0150327,0.0150336,0.0150355,0.0150361,0.0150377,0.0150397,0.0150446,0.0150504,0.0150523,0.0150529,0.015055,0.0150553,0.015063,0.0150648,0.0150675,0.0150677,0.015068,0.0150687,0.0150782,0.0150783,0.0151071,0.0151143,0.0151168,0.0151317,0.0151453,0.0151538,0.0151559,0.0151733,0.015185,0.0151973,0.0152007,0.0152111,0.0152119,0.0152147,0.0152162,0.0152181,0.0152406,0.0152427,0.0152481,0.0152502,,,,,,,,,,,,,,,,,,,,,,,,,,,,,,,,,,,,,,,,,,,,,,,,,,,,,,,,,,,,,,,,,,,,,,,,,,
Medium,FALSE,FALSE,FALSE,FALSE,10.152683,86,0.118054,8.470667,63223,11,0,0,296777,16,0,0,0.117236,0.117292,0.117299,0.117303,0.117323,0.117365,0.117397,0.117411,0.117419,0.117421,0.117431,0.117431,0.117454,0.11748,0.117481,0.117506,0.117563,0.117575,0.117582,0.11759,0.1176,0.117649,0.117661,0.117674,0.117676,0.117682,0.117712,0.11773,0.117738,0.117764,0.117777,0.117804,0.117864,0.117887,0.117893,0.117912,0.117912,0.117919,0.117921,0.117933,0.117934,0.11794,0.117948,0.117964,0.117967,0.118013,0.118024,0.118041,0.118073,0.118098,0.118107,0.11811,0.118161,0.118161,0.118162,0.118177,0.118238,0.118243,0.118244,0.118276,0.118287,0.118308,0.118405,0.118411,0.118419,0.118422,0.118423,0.118482,0.118485,0.118507,0.118534,0.118539,0.11861,0.118616,0.118624,0.118638,0.118663,0.118686,0.118709,0.118749,0.118908,0.118928,0.119271,0.119406,0.119696,0.119811,,,,,,,,,,,,,,,,,,,,,,,,,,,,,,,,,,,,,,,,,,,,,,,,,,,,,,,,,,,,,,,,,,,,,,,,,,,,,,,,,,,,,,,,,,,,,,,,,,,,,,,,,,,,,,,,,,,,,,,,,,,,,,,,,,,,,,,,,,,,,,,,,,,,,,,,,,,,,,,,,,,,,,,,,,,,,,,,,,,,,,,,,,,,,,,,,,,,,,,,,,,,,,,,,,,,,,,,,,,,,,,,,,,,,,,,,,,,,,,,,,,,,,,,,,,,,,,,,,,,,,,,,,,,,,,,,,,,,,,,,,,,,,,,,,,,,,,,,,,,,,,,,,,,,,,,,,,,,,,,,,,,,,,,,,,,,,,,,,,,,,,,,,,,,,,,,,,,,,,,,,,,,,,,,,,,,,,,,,,,,,,,,,,,,,,,,,,,,,,,,,,,,,,,,,,,,,,,,,,,,,,,,,,,,,,,,,,,,,,,,,,,,,,,,,,,,,,,,,,,,,,,,,,,,,,,,,,,,,,,,,,,,,,,,,,,,,,,,,,,,,,,,,,,,,,,,,,,,,,,,,,,,,,,,,,,,,,,,,,,,,,,,,,,,,,,,,,,,,,,,,,,,,,,,,,,,,,,,,,,,,,,,,,,,,,,,,,,,,,,,,,,,,,,,,,,,,,,,,,,,,,,,,,,,,,,,,,,,,,,,,,,,,,,,,,,,,,,,,,,,,,,,
Medium,FALSE,FALSE,TRUE,FALSE,10.018008,121,0.082793,12.078249,63222,19,0,6,296778,36,0,3,0.0819516,0.0819604,0.0819837,0.0820077,0.0820253,0.0820278,0.0820331,0.0820787,0.0820805,0.0820947,0.0821115,0.0821185,0.0821281,0.0821419,0.0821419,0.0821489,0.082152,0.0821871,0.0822036,0.0822059,0.0822067,0.0822171,0.0822404,0.0822448,0.0822522,0.0822601,0.0822622,0.0822663,0.0822824,0.0823048,0.0823178,0.0823248,0.0823353,0.0823494,0.0823593,0.0823609,0.0823918,0.0823932,0.0824002,0.0824024,0.0824077,0.0824165,0.0824252,0.082433,0.0824494,0.0825051,0.0825317,0.0825351,0.0825404,0.0825647,0.0825838,0.0825902,0.0826121,0.0826259,0.0826488,0.0826517,0.0826529,0.0826792,0.0827135,0.0827233,0.0827787,0.0828042,0.0828152,0.0828231,0.082825,0.0828286,0.0828476,0.0828854,0.0828898,0.0829142,0.0829152,0.0829316,0.0829342,0.0829682,0.0829776,0.0830146,0.0830272,0.0830364,0.0830441,0.0830453,0.0830546,0.0830572,0.0830898,0.0831464,0.0831597,0.0831806,0.0832086,0.0832163,0.083222,0.0832242,0.0832468,0.0832569,0.0832857,0.083314,0.0833291,0.0833327,0.0833382,0.083339,0.0833514,0.0833526,0.0833621,0.083388,0.0834494,0.0834683,0.0834747,0.0835057,0.0835325,0.0835609,0.0835746,0.0836249,0.083639,0.083643,0.0836477,0.0836626,0.0836705,0.0837215,0.0837367,0.0837559,0.0837676,0.0837742,0.083791,,,,,,,,,,,,,,,,,,,,,,,,,,,,,,,,,,,,,,,,,,,,,,,,,,,,,,,,,,,,,,,,,,,,,,,,,,,,,,,,,,,,,,,,,,,,,,,,,,,,,,,,,,,,,,,,,,,,,,,,,,,,,,,,,,,,,,,,,,,,,,,,,,,,,,,,,,,,,,,,,,,,,,,,,,,,,,,,,,,,,,,,,,,,,,,,,,,,,,,,,,,,,,,,,,,,,,,,,,,,,,,,,,,,,,,,,,,,,,,,,,,,,,,,,,,,,,,,,,,,,,,,,,,,,,,,,,,,,,,,,,,,,,,,,,,,,,,,,,,,,,,,,,,,,,,,,,,,,,,,,,,,,,,,,,,,,,,,,,,,,,,,,,,,,,,,,,,,,,,,,,,,,,,,,,,,,,,,,,,,,,,,,,,,,,,,,,,,,,,,,,,,,,,,,,,,,,,,,,,,,,,,,,,,,,,,,,,,,,,,,,,,,,,,,,,,,,,,,,,,,,,,,,,,,,,,,,,,,,,,,,,,,,,,,,,,,,,,,,,,,,,,,,,,,,,,,,,,,,,,,,,,,,,,,,,,,,,,,,,,,,,,,,,,,,,,,,,,,,,,,,,,,,,,,,,,,,,,,,,,,,,,,,,,,,,,,,,,,,,,,,,,,,,,,,,,,,,,,,,,,,,,,,,,,,
Medium,FALSE,FALSE,TRUE,TRUE,9.93389,147,0.067577,14.797828,63221,18,0,5,296779,32,0,2,0.0665606,0.0665657,0.0665731,0.0665834,0.066613,0.0666166,0.066672,0.0666769,0.0666809,0.0667299,0.0667422,0.0667428,0.0667487,0.0667496,0.0667528,0.0667545,0.0667588,0.0667591,0.0667616,0.0667647,0.0668014,0.0668052,0.066819,0.0668307,0.0668437,0.0668453,0.0668544,0.0668668,0.0669062,0.0669188,0.0669225,0.0669507,0.0669623,0.0669795,0.0669854,0.0669891,0.0669976,0.0670031,0.0670298,0.0670325,0.0670381,0.0670406,0.0670475,0.0670584,0.0670756,0.0671065,0.0671296,0.0671472,0.0671647,0.0671659,0.0671731,0.0671867,0.067194,0.0671984,0.0672064,0.0672071,0.0672174,0.0672429,0.0672446,0.0672467,0.0672547,0.0672575,0.0672659,0.06727,0.0672721,0.0673011,0.0673099,0.0673575,0.0673583,0.0673629,0.0673744,0.0673766,0.0673937,0.0674063,0.0674093,0.0674306,0.0674318,0.067441,0.0674415,0.0674583,0.0674606,0.067487,0.0674876,0.067497,0.0675138,0.0675458,0.0675718,0.0675824,0.0676137,0.0676218,0.0676289,0.0676637,0.0676824,0.0676958,0.0677088,0.0677132,0.0677221,0.0677282,0.0677364,0.0677451,0.067755,0.0677641,0.0677649,0.0678002,0.0678067,0.0678152,0.0678464,0.0679147,0.0679451,0.0679746,0.067987,0.0680652,0.0680849,0.0680912,0.0681083,0.0681156,0.0681748,0.0682045,0.0682429,0.0682572,0.0683159,0.0683424,0.0683545,0.0684026,0.0684049,0.0684177,0.0685804,0.0687106,0.0687484,0.0687538,0.0687779,0.0687921,0.0688082,0.0688886,0.0689045,0.0689054,0.0690068,0.0690302,0.0690333,0.0690717,0.0691419,0.0691467,0.0692476,0.0692596,0.0694306,0.0694316,0.0694417,,,,,,,,,,,,,,,,,,,,,,,,,,,,,,,,,,,,,,,,,,,,,,,,,,,,,,,,,,,,,,,,,,,,,,,,,,,,,,,,,,,,,,,,,,,,,,,,,,,,,,,,,,,,,,,,,,,,,,,,,,,,,,,,,,,,,,,,,,,,,,,,,,,,,,,,,,,,,,,,,,,,,,,,,,,,,,,,,,,,,,,,,,,,,,,,,,,,,,,,,,,,,,,,,,,,,,,,,,,,,,,,,,,,,,,,,,,,,,,,,,,,,,,,,,,,,,,,,,,,,,,,,,,,,,,,,,,,,,,,,,,,,,,,,,,,,,,,,,,,,,,,,,,,,,,,,,,,,,,,,,,,,,,,,,,,,,,,,,,,,,,,,,,,,,,,,,,,,,,,,,,,,,,,,,,,,,,,,,,,,,,,,,,,,,,,,,,,,,,,,,,,,,,,,,,,,,,,,,,,,,,,,,,,,,,,,,,,,,,,,,,,,,,,,,,,,,,,,,,,,,,,,,,,,,,,,,,,,,,,,,,,,,,,,,,,,,,,,,,,,,,,,,,,,,,,,,,,,,,,,,,,,,,,,,,,,,,,,,,,,,,,,,,,,,,,,,,,,,,,,,,,,,,,,,,,,,,,,,,,,,,,,,,,,,,,,,,,,,,,,,,,
Medium,FALSE,FALSE,FALSE,FALSE,10.023186,104,0.096377,10.375943,17509,13,0,0,342491,12,0,0,0.0955398,0.0955428,0.0955558,0.0956245,0.095663,0.0956721,0.0957064,0.095715,0.0957161,0.09574,0.095757,0.0957594,0.0957729,0.0958061,0.0958312,0.0958591,0.0958923,0.0959225,0.0959268,0.0959269,0.0959295,0.0959448,0.0959532,0.0960129,0.0960218,0.0960746,0.0960768,0.0960921,0.096098,0.0961006,0.0961067,0.09612,0.0961294,0.096134,0.0961394,0.0961425,0.096154,0.0961869,0.0961939,0.0962048,0.0962058,0.0962108,0.0962325,0.0962395,0.0962445,0.0962485,0.0962519,0.0962558,0.0962574,0.0962585,0.0962647,0.0962777,0.0963085,0.0963255,0.0963515,0.09636,0.0963658,0.0963689,0.0963788,0.0963978,0.0964024,0.0964034,0.0964058,0.0964061,0.0964113,0.0964175,0.0964183,0.096419,0.0964401,0.0964627,0.0964682,0.0964696,0.096471,0.096478,0.0964837,0.0964844,0.0965085,0.0965446,0.0965568,0.0966028,0.0966053,0.0966324,0.0966452,0.096669,0.096712,0.0967265,0.0967834,0.096797,0.0968291,0.0968655,0.0968684,0.0971788,0.0972418,0.0972483,0.0972919,0.0973196,0.0973324,0.0973514,0.0973792,0.0974053,0.0974141,0.0979808,0.098021,0.0980858,,,,,,,,,,,,,,,,,,,,,,,,,,,,,,,,,,,,,,,,,,,,,,,,,,,,,,,,,,,,,,,,,,,,,,,,,,,,,,,,,,,,,,,,,,,,,,,,,,,,,,,,,,,,,,,,,,,,,,,,,,,,,,,,,,,,,,,,,,,,,,,,,,,,,,,,,,,,,,,,,,,,,,,,,,,,,,,,,,,,,,,,,,,,,,,,,,,,,,,,,,,,,,,,,,,,,,,,,,,,,,,,,,,,,,,,,,,,,,,,,,,,,,,,,,,,,,,,,,,,,,,,,,,,,,,,,,,,,,,,,,,,,,,,,,,,,,,,,,,,,,,,,,,,,,,,,,,,,,,,,,,,,,,,,,,,,,,,,,,,,,,,,,,,,,,,,,,,,,,,,,,,,,,,,,,,,,,,,,,,,,,,,,,,,,,,,,,,,,,,,,,,,,,,,,,,,,,,,,,,,,,,,,,,,,,,,,,,,,,,,,,,,,,,,,,,,,,,,,,,,,,,,,,,,,,,,,,,,,,,,,,,,,,,,,,,,,,,,,,,,,,,,,,,,,,,,,,,,,,,,,,,,,,,,,,,,,,,,,,,,,,,,,,,,,,,,,,,,,,,,,,,,,,,,,,,,,,,,,,,,,,,,,,,,,,,,,,,,,,,,,,,,,,,,,,,,,,,,,,,,,,,,,,,,,,,,,,,,,,,,,,,,,,
Medium,FALSE,FALSE,TRUE,FALSE,9.951799,269,0.036996,27.030288,17509,21,0,6,342491,25,0,1,0.03633,0.0363393,0.0363423,0.0363443,0.0363471,0.0363477,0.0363564,0.0363604,0.0363665,0.0363761,0.0363783,0.0363889,0.0363995,0.0364013,0.0364017,0.0364037,0.0364073,0.0364086,0.0364155,0.0364191,0.0364213,0.0364233,0.0364298,0.0364313,0.036438,0.0364444,0.0364444,0.0364454,0.0364489,0.03645,0.0364503,0.036454,0.0364549,0.0364587,0.0364591,0.0364607,0.0364609,0.0364654,0.0364683,0.0364763,0.0364772,0.036481,0.0364825,0.0364845,0.0364859,0.0364888,0.0364899,0.0364965,0.0364975,0.0364998,0.0365097,0.0365188,0.0365208,0.0365256,0.0365258,0.0365299,0.0365355,0.0365386,0.0365394,0.0365411,0.0365441,0.0365522,0.0365523,0.0365565,0.0365581,0.0365629,0.0365715,0.0365755,0.0365757,0.0365827,0.0365844,0.0365881,0.0365897,0.0365941,0.0365961,0.0365992,0.0366012,0.0366049,0.0366094,0.0366186,0.0366207,0.0366356,0.036636,0.0366377,0.0366417,0.0366451,0.0366537,0.0366538,0.0366542,0.0366573,0.0366601,0.0366651,0.0366665,0.036668,0.0366693,0.0366755,0.0366773,0.0366816,0.0366932,0.0367019,0.0367022,0.0367049,0.0367106,0.0367121,0.0367148,0.0367166,0.0367181,0.0367288,0.0367301,0.0367346,0.03674,0.0367481,0.0367512,0.0367601,0.0367609,0.0367684,0.0367689,0.0367879,0.0367898,0.0367903,0.0367925,0.0367988,0.0368022,0.0368049,0.0368056,0.0368066,0.0368124,0.0368187,0.0368206,0.0368233,0.0368283,0.0368362,0.0368378,0.0368386,0.0368398,0.036851,0.036853,0.0368625,0.0368633,0.0368714,0.036877,0.0368892,0.0368966,0.0368974,0.036905,0.0369122,0.0369212,0.0369258,0.0369325,0.0369356,0.0369369,0.0369372,0.0369464,0.0369498,0.0369591,0.0369634,0.0369638,0.0369643,0.036967,0.0369677,0.0369698,0.0369752,0.0369775,0.0370018,0.0370077,0.0370148,0.0370423,0.0370436,0.0370524,0.0370531,0.0370596,0.0370626,0.0370645,0.0370652,0.0370662,0.0370783,0.0370802,0.0370922,0.0370956,0.0371113,0.0371162,0.0371335,0.0371343,0.0371346,0.0371362,0.0371623,0.0371741,0.0371816,0.0371851,0.0371876,0.0372087,0.0372111,0.0372119,0.0372127,0.0372171,0.0372198,0.0372298,0.0372348,0.037236,0.0372498,0.0372518,0.0372547,0.0372602,0.037261,0.0372667,0.0372738,0.0372794,0.037281,0.0372873,0.0372984,0.0373062,0.0373063,0.0373167,0.0373297,0.0373397,0.0373472,0.0373489,0.0373578,0.0373937,0.0374031,0.0374086,0.0374139,0.0374181,0.0374307,0.0374589,0.0374709,0.0374801,0.0374951,0.0375218,0.0375241,0.0375424,0.0375432,0.0375714,0.0375989,0.0375994,0.0376215,0.0376587,0.0376608,0.0376681,0.0376734,0.0376873,0.0376938,0.0377494,0.0377541,0.0377585,0.037773,0.0378131,0.0378241,0.0378512,0.0378747,0.0379854,0.0379872,0.0379929,0.038026,0.0381402,0.0381468,0.0381608,0.0382929,0.0383648,0.0385551,0.0386154,0.038623,0.0386384,0.0387417,0.0387576,0.0389263,0.0389286,0.0389348,0.0390365,,,,,,,,,,,,,,,,,,,,,,,,,,,,,,,,,,,,,,,,,,,,,,,,,,,,,,,,,,,,,,,,,,,,,,,,,,,,,,,,,,,,,,,,,,,,,,,,,,,,,,,,,,,,,,,,,,,,,,,,,,,,,,,,,,,,,,,,,,,,,,,,,,,,,,,,,,,,,,,,,,,,,,,,,,,,,,,,,,,,,,,,,,,,,,,,,,,,,,,,,,,,,,,,,,,,,,,,,,,,,,,,,,,,,,,,,,,,,,,,,,,,,,,,,,,,,,,,,,,,,,,,,,,,,,,,,,,,,,,,,,,,,,,,,,,,,,,,,,,,,,,,,,,,,,,,,,,,,,,,,,,,,,,,,,,,,,,,,,,,,,,,,,,,,,,,,,,,,,,,,,,,,,,,,,,,,,,,,,,,,,,,,,,,,,,,,,,,,,,,,,,,,,,,,,,,,,,,,,,,,,,,,,,,,,,,,,,,,,,,,,,,,,,,,,,,,,,,,,,,,,,,,,,,,,,,,,,,,,,,,,
Medium,FALSE,FALSE,TRUE,TRUE,9.920737,301,0.032959,30.340487,17511,20,0,5,342489,23,0,1,0.0322311,0.0322347,0.0322385,0.0322447,0.0322481,0.0322572,0.0322609,0.0322633,0.0322649,0.0322713,0.0322809,0.0322823,0.0322834,0.032286,0.032288,0.0322882,0.0322893,0.0322928,0.0322941,0.0322974,0.0323002,0.0323003,0.0323006,0.0323052,0.0323119,0.0323122,0.0323151,0.0323172,0.0323192,0.0323219,0.0323223,0.0323271,0.0323329,0.0323342,0.0323364,0.0323383,0.0323485,0.0323496,0.0323498,0.0323502,0.0323542,0.0323548,0.0323624,0.0323679,0.0323689,0.032373,0.0323749,0.0323781,0.0323835,0.0323847,0.0323863,0.0323925,0.0324033,0.0324095,0.0324149,0.0324156,0.0324193,0.03242,0.0324209,0.0324243,0.0324249,0.0324269,0.032431,0.0324333,0.0324383,0.032441,0.0324421,0.032445,0.0324451,0.0324462,0.0324477,0.032449,0.0324513,0.0324546,0.0324561,0.0324577,0.0324597,0.0324633,0.0324693,0.0324823,0.0324868,0.032497,0.0325007,0.0325061,0.0325099,0.0325116,0.0325117,0.0325173,0.0325174,0.0325286,0.0325289,0.0325302,0.0325305,0.0325323,0.0325402,0.0325412,0.0325435,0.0325464,0.0325466,0.032547,0.0325504,0.0325522,0.0325524,0.0325551,0.0325552,0.032558,0.0325637,0.0325642,0.0325654,0.0325701,0.0325748,0.0325829,0.0325868,0.0325879,0.03259,0.0325936,0.032594,0.0325941,0.0325945,0.0325952,0.0325976,0.0326003,0.0326015,0.0326021,0.0326055,0.0326087,0.0326087,0.0326127,0.0326212,0.0326241,0.0326258,0.0326305,0.0326306,0.0326313,0.0326319,0.032633,0.0326337,0.0326379,0.0326382,0.032639,0.0326391,0.0326396,0.0326498,0.0326542,0.0326549,0.0326708,0.0326754,0.0326766,0.0326799,0.0326955,0.0326965,0.0327002,0.032705,0.0327082,0.0327102,0.0327113,0.032723,0.0327233,0.0327298,0.0327465,0.032763,0.0327645,0.0327792,0.0327794,0.032793,0.0328069,0.0328231,0.0328316,0.032839,0.0328407,0.0328414,0.0328446,0.0328462,0.0328471,0.0328481,0.0328521,0.032857,0.0328821,0.0328867,0.0328931,0.0328957,0.0329022,0.0329038,0.0329065,0.0329157,0.0329188,0.0329195,0.0329197,0.032941,0.0329575,0.0329754,0.0329993,0.0330015,0.0330033,0.0330085,0.0330273,0.0330343,0.0330365,0.0330428,0.0330608,0.0330613,0.0330637,0.0330867,0.0330987,0.0331086,0.0331141,0.0331248,0.033133,0.0331488,0.033153,0.0331534,0.0331638,0.0331863,0.0331904,0.0331934,0.0331937,0.0332192,0.0332275,0.0332331,0.0332488,0.0332751,0.0332799,0.0332818,0.0333016,0.0333268,0.0333474,0.0333507,0.0333538,0.033354,0.0333762,0.0334029,0.0334054,0.0334065,0.0334166,0.0334204,0.0334221,0.0334238,0.033436,0.0334573,0.0334773,0.0335086,0.033512,0.0335409,0.0335587,0.033565,0.0335665,0.0335743,0.0335798,0.0335811,0.0335973,0.0336194,0.0336262,0.0336325,0.033643,0.0336584,0.0336673,0.0336881,0.0336983,0.0337004,0.0337457,0.033747,0.0337471,0.0337601,0.0338043,0.0338159,0.0338405,0.0338822,0.0339082,0.0339109,0.033919,0.033927,0.0339575,0.0339643,0.0339712,0.0340608,0.0340883,0.0340925,0.0341093,0.0341119,0.0341237,0.0342881,0.0342889,0.0343463,0.0343699,0.03437,0.034382,0.0343845,0.034424,0.0344519,0.0344845,0.0344852,0.0345715,0.0346149,0.0346739,0.0347121,0.0347585,0.0348666,0.034877,0.0349445,0.034973,0.0350385,,,,,,,,,,,,,,,,,,,,,,,,,,,,,,,,,,,,,,,,,,,,,,,,,,,,,,,,,,,,,,,,,,,,,,,,,,,,,,,,,,,,,,,,,,,,,,,,,,,,,,,,,,,,,,,,,,,,,,,,,,,,,,,,,,,,,,,,,,,,,,,,,,,,,,,,,,,,,,,,,,,,,,,,,,,,,,,,,,,,,,,,,,,,,,,,,,,,,,,,,,,,,,,,,,,,,,,,,,,,,,,,,,,,,,,,,,,,,,,,,,,,,,,,,,,,,,,,,,,,,,,,,,,,,,,,,,,,,,,,,,,,,,,,,,,,,,,,,,,,,,,,,,,,,,,,,,,,,,,,,,,,,,,,,,,,,,,,,,,,,,,,,,,,,,,,,,,,,,,,,,,,,,,,,,,,,,,,,,,,,,,,,,,,,,,,,,,,,,,,,,,,,,,,,,,,,,,,,,,,,,,,,,,,,,,,,,,,,,,,,,,,,,,,,,
High,FALSE,FALSE,FALSE,FALSE,10.526715,31,0.339571,2.944888,66975,26,0,0,293025,16,0,0,0.337604,0.338035,0.338607,0.338753,0.338866,0.338921,0.338933,0.338949,0.338984,0.339001,0.339087,0.339098,0.339132,0.339153,0.339195,0.339229,0.339287,0.339362,0.339408,0.339451,0.339652,0.339705,0.3399,0.339993,0.340037,0.340057,0.340144,0.340626,0.340943,0.342317,0.344288,,,,,,,,,,,,,,,,,,,,,,,,,,,,,,,,,,,,,,,,,,,,,,,,,,,,,,,,,,,,,,,,,,,,,,,,,,,,,,,,,,,,,,,,,,,,,,,,,,,,,,,,,,,,,,,,,,,,,,,,,,,,,,,,,,,,,,,,,,,,,,,,,,,,,,,,,,,,,,,,,,,,,,,,,,,,,,,,,,,,,,,,,,,,,,,,,,,,,,,,,,,,,,,,,,,,,,,,,,,,,,,,,,,,,,,,,,,,,,,,,,,,,,,,,,,,,,,,,,,,,,,,,,,,,,,,,,,,,,,,,,,,,,,,,,,,,,,,,,,,,,,,,,,,,,,,,,,,,,,,,,,,,,,,,,,,,,,,,,,,,,,,,,,,,,,,,,,,,,,,,,,,,,,,,,,,,,,,,,,,,,,,,,,,,,,,,,,,,,,,,,,,,,,,,,,,,,,,,,,,,,,,,,,,,,,,,,,,,,,,,,,,,,,,,,,,,,,,,,,,,,,,,,,,,,,,,,,,,,,,,,,,,,,,,,,,,,,,,,,,,,,,,,,,,,,,,,,,,,,,,,,,,,,,,,,,,,,,,,,,,,,,,,,,,,,,,,,,,,,,,,,,,,,,,,,,,,,,,,,,,,,,,,,,,,,,,,,,,,,,,,,,,,,,,,,,,,,,,,,,,,,,,,,,,,,,,,,,,,,,,,,,,,,,,,,,,,,,,,,,,,,,,,,,,,,,,,,,,,,,,,,,,,,,,,,,,,,,,,,,,,,,,,,,,,,,,,,,,,,,
High,FALSE,FALSE,TRUE,FALSE,10.000955,81,0.123469,8.099227,66824,36,0,6,293176,37,0,3,0.122559,0.122684,0.122692,0.122829,0.122908,0.122916,0.122926,0.122945,0.122956,0.122998,0.123022,0.123024,0.123026,0.123027,0.123042,0.123064,0.123075,0.123084,0.123084,0.123095,0.123097,0.123112,0.123115,0.123126,0.123127,0.123127,0.123133,0.123149,0.123153,0.123204,0.123226,0.123238,0.123241,0.123243,0.123274,0.123279,0.123359,0.123365,0.123389,0.123402,0.123416,0.123417,0.123428,0.123437,0.123443,0.123443,0.123455,0.123458,0.123467,0.123508,0.123515,0.12356,0.123573,0.123618,0.123667,0.123674,0.123685,0.12369,0.123694,0.123717,0.123733,0.123734,0.123775,0.123784,0.123843,0.123848,0.12388,0.12389,0.124005,0.124149,0.124188,0.124238,0.124295,0.124318,0.124344,0.124392,0.1244,0.124416,0.124421,0.12444,0.124682,,,,,,,,,,,,,,,,,,,,,,,,,,,,,,,,,,,,,,,,,,,,,,,,,,,,,,,,,,,,,,,,,,,,,,,,,,,,,,,,,,,,,,,,,,,,,,,,,,,,,,,,,,,,,,,,,,,,,,,,,,,,,,,,,,,,,,,,,,,,,,,,,,,,,,,,,,,,,,,,,,,,,,,,,,,,,,,,,,,,,,,,,,,,,,,,,,,,,,,,,,,,,,,,,,,,,,,,,,,,,,,,,,,,,,,,,,,,,,,,,,,,,,,,,,,,,,,,,,,,,,,,,,,,,,,,,,,,,,,,,,,,,,,,,,,,,,,,,,,,,,,,,,,,,,,,,,,,,,,,,,,,,,,,,,,,,,,,,,,,,,,,,,,,,,,,,,,,,,,,,,,,,,,,,,,,,,,,,,,,,,,,,,,,,,,,,,,,,,,,,,,,,,,,,,,,,,,,,,,,,,,,,,,,,,,,,,,,,,,,,,,,,,,,,,,,,,,,,,,,,,,,,,,,,,,,,,,,,,,,,,,,,,,,,,,,,,,,,,,,,,,,,,,,,,,,,,,,,,,,,,,,,,,,,,,,,,,,,,,,,,,,,,,,,,,,,,,,,,,,,,,,,,,,,,,,,,,,,,,,,,,,,,,,,,,,,,,,,,,,,,,,,,,,,,,,,,,,,,,,,,,,,,,,,,,,,,,,,,,,,,,,,,,,,,,,,,,,,,,,,,,,,,,,,,
High,FALSE,FALSE,TRUE,TRUE,10.061166,123,0.081798,12.225223,66823,32,0,5,293177,30,0,2,0.0804889,0.0805748,0.0807045,0.0807046,0.0807144,0.0807158,0.0807237,0.0807274,0.080743,0.0807461,0.08084,0.0808496,0.0808919,0.0809468,0.0810945,0.0811092,0.0811262,0.0811267,0.0811887,0.0812022,0.0812432,0.0812508,0.0812545,0.0812581,0.0812833,0.0812928,0.0813269,0.081331,0.0813352,0.0813511,0.0813966,0.0814006,0.0814065,0.0814238,0.0814282,0.081431,0.0814381,0.0814454,0.0814555,0.0814718,0.081483,0.0815117,0.0815293,0.0815326,0.081536,0.0815384,0.0815643,0.081593,0.0816079,0.0816191,0.0816284,0.08163,0.0816381,0.0816671,0.0816749,0.0816826,0.0816858,0.0817128,0.0817314,0.081738,0.0817395,0.0817452,0.0817469,0.0817588,0.0817798,0.0817965,0.0818075,0.0818103,0.0818278,0.081849,0.0818543,0.081863,0.0818695,0.0818886,0.0819045,0.0819078,0.081908,0.0819306,0.0819453,0.0819548,0.081975,0.0819754,0.0819896,0.0819995,0.0820098,0.0820129,0.0820278,0.0820292,0.0820371,0.0820677,0.0821322,0.0821692,0.0821705,0.082178,0.0822185,0.0822307,0.0822588,0.0822626,0.0823107,0.0823578,0.0823701,0.0824346,0.0824981,0.0825632,0.0826154,0.0826473,0.0826583,0.0826647,0.0826806,0.082718,0.082754,0.0828468,0.0828847,0.0828856,0.082894,0.0829433,0.083018,0.0830316,0.083078,0.0831104,0.083175,0.08324,0.0834024,,,,,,,,,,,,,,,,,,,,,,,,,,,,,,,,,,,,,,,,,,,,,,,,,,,,,,,,,,,,,,,,,,,,,,,,,,,,,,,,,,,,,,,,,,,,,,,,,,,,,,,,,,,,,,,,,,,,,,,,,,,,,,,,,,,,,,,,,,,,,,,,,,,,,,,,,,,,,,,,,,,,,,,,,,,,,,,,,,,,,,,,,,,,,,,,,,,,,,,,,,,,,,,,,,,,,,,,,,,,,,,,,,,,,,,,,,,,,,,,,,,,,,,,,,,,,,,,,,,,,,,,,,,,,,,,,,,,,,,,,,,,,,,,,,,,,,,,,,,,,,,,,,,,,,,,,,,,,,,,,,,,,,,,,,,,,,,,,,,,,,,,,,,,,,,,,,,,,,,,,,,,,,,,,,,,,,,,,,,,,,,,,,,,,,,,,,,,,,,,,,,,,,,,,,,,,,,,,,,,,,,,,,,,,,,,,,,,,,,,,,,,,,,,,,,,,,,,,,,,,,,,,,,,,,,,,,,,,,,,,,,,,,,,,,,,,,,,,,,,,,,,,,,,,,,,,,,,,,,,,,,,,,,,,,,,,,,,,,,,,,,,,,,,,,,,,,,,,,,,,,,,,,,,,,,,,,,,,,,,,,,,,,,,,,,,,,,,,,,,,,,,,,,,,,,,,,,,,,,,,,,,,,,,
High,FALSE,FALSE,FALSE,FALSE,10.110989,44,0.229795,4.351701,27180,24,0,0,332820,11,0,0,0.22847,0.228523,0.22881,0.22885,0.228866,0.229048,0.229051,0.229067,0.229116,0.229154,0.22916,0.229176,0.229195,0.229212,0.229274,0.229338,0.229359,0.229373,0.229537,0.229573,0.229582,0.2296,0.229718,0.229731,0.229767,0.229771,0.229788,0.22984,0.229871,0.229893,0.229915,0.229953,0.230009,0.230034,0.230265,0.230526,0.230529,0.230646,0.230694,0.230974,0.231078,0.231534,0.231793,0.233328,,,,,,,,,,,,,,,,,,,,,,,,,,,,,,,,,,,,,,,,,,,,,,,,,,,,,,,,,,,,,,,,,,,,,,,,,,,,,,,,,,,,,,,,,,,,,,,,,,,,,,,,,,,,,,,,,,,,,,,,,,,,,,,,,,,,,,,,,,,,,,,,,,,,,,,,,,,,,,,,,,,,,,,,,,,,,,,,,,,,,,,,,,,,,,,,,,,,,,,,,,,,,,,,,,,,,,,,,,,,,,,,,,,,,,,,,,,,,,,,,,,,,,,,,,,,,,,,,,,,,,,,,,,,,,,,,,,,,,,,,,,,,,,,,,,,,,,,,,,,,,,,,,,,,,,,,,,,,,,,,,,,,,,,,,,,,,,,,,,,,,,,,,,,,,,,,,,,,,,,,,,,,,,,,,,,,,,,,,,,,,,,,,,,,,,,,,,,,,,,,,,,,,,,,,,,,,,,,,,,,,,,,,,,,,,,,,,,,,,,,,,,,,,,,,,,,,,,,,,,,,,,,,,,,,,,,,,,,,,,,,,,,,,,,,,,,,,,,,,,,,,,,,,,,,,,,,,,,,,,,,,,,,,,,,,,,,,,,,,,,,,,,,,,,,,,,,,,,,,,,,,,,,,,,,,,,,,,,,,,,,,,,,,,,,,,,,,,,,,,,,,,,,,,,,,,,,,,,,,,,,,,,,,,,,,,,,,,,,,,,,,,,,,,,,,,,,,,,,,,,,,,,,,,,,,,,,,,,,,,,,,,,,,,,,,,,,,,,,,,,,,,,,,
High,FALSE,FALSE,TRUE,FALSE,9.98179,154,0.064817,15.428095,29547,36,0,6,330453,30,0,2,0.0637708,0.0637978,0.0638127,0.0638456,0.0638702,0.0638959,0.0639057,0.0639144,0.0639305,0.0639518,0.0639659,0.0639887,0.0639898,0.0640124,0.0640357,0.0640976,0.0641077,0.0641245,0.0641468,0.064163,0.064168,0.064176,0.0641766,0.0641844,0.0642151,0.0642156,0.0642351,0.0642501,0.064256,0.0642839,0.0642978,0.064313,0.0643264,0.0643543,0.0643587,0.0643661,0.0643674,0.0643687,0.0643734,0.064383,0.0643861,0.0644169,0.0644179,0.0644319,0.064438,0.0644542,0.0644562,0.0644657,0.0644692,0.0644754,0.0644774,0.0644877,0.0645202,0.064531,0.064535,0.0645368,0.0645454,0.0645621,0.064604,0.0646085,0.0646414,0.0646588,0.0646635,0.0646646,0.0646805,0.0646835,0.0646885,0.0647146,0.0647171,0.0647245,0.0647273,0.0647349,0.064739,0.0647398,0.0647565,0.0647882,0.064798,0.0648156,0.0648159,0.0648289,0.064831,0.0648355,0.0648546,0.0648559,0.0648612,0.0648665,0.0648703,0.0648941,0.064902,0.0649032,0.0649085,0.064912,0.0649409,0.0649468,0.0649481,0.0649538,0.0649705,0.0649721,0.0650061,0.0650149,0.0650151,0.0650159,0.0650236,0.0650326,0.0650352,0.0650534,0.0650558,0.065103,0.0651078,0.0651153,0.0651432,0.0651507,0.0651585,0.0651601,0.0651638,0.0651747,0.0651988,0.0652115,0.0652436,0.0652508,0.0652987,0.0653296,0.0653482,0.0653644,0.0653717,0.0654237,0.0654517,0.0654556,0.0654788,0.0654791,0.065528,0.065551,0.0655698,0.0655715,0.0655948,0.0656196,0.0656273,0.0656515,0.065655,0.0656573,0.0656687,0.0656707,0.065676,0.0657021,0.0657035,0.065709,0.065799,0.0658169,0.0658212,0.065967,0.0660133,0.0660323,0.066052,0.0660708,,,,,,,,,,,,,,,,,,,,,,,,,,,,,,,,,,,,,,,,,,,,,,,,,,,,,,,,,,,,,,,,,,,,,,,,,,,,,,,,,,,,,,,,,,,,,,,,,,,,,,,,,,,,,,,,,,,,,,,,,,,,,,,,,,,,,,,,,,,,,,,,,,,,,,,,,,,,,,,,,,,,,,,,,,,,,,,,,,,,,,,,,,,,,,,,,,,,,,,,,,,,,,,,,,,,,,,,,,,,,,,,,,,,,,,,,,,,,,,,,,,,,,,,,,,,,,,,,,,,,,,,,,,,,,,,,,,,,,,,,,,,,,,,,,,,,,,,,,,,,,,,,,,,,,,,,,,,,,,,,,,,,,,,,,,,,,,,,,,,,,,,,,,,,,,,,,,,,,,,,,,,,,,,,,,,,,,,,,,,,,,,,,,,,,,,,,,,,,,,,,,,,,,,,,,,,,,,,,,,,,,,,,,,,,,,,,,,,,,,,,,,,,,,,,,,,,,,,,,,,,,,,,,,,,,,,,,,,,,,,,,,,,,,,,,,,,,,,,,,,,,,,,,,,,,,,,,,,,,,,,,,,,,,,,,,,,,,,,,,,,,,,,,,,,,,,,,,,,,,,,,,,,,,,,,,,,,,,,,,,,,,,,,,,,,,,,,,,
High,FALSE,FALSE,TRUE,TRUE,9.956039,232,0.042914,23.302439,29549,32,0,5,330451,22,0,1,0.0422735,0.0422922,0.0422953,0.042297,0.0423152,0.042316,0.0423217,0.0423218,0.0423297,0.0423365,0.0423421,0.0423435,0.0423456,0.0423459,0.0423503,0.042357,0.0423706,0.0423765,0.0423855,0.0424115,0.0424134,0.0424145,0.0424169,0.0424183,0.0424242,0.042427,0.042445,0.0424501,0.0424559,0.0424608,0.0424791,0.0424816,0.0424838,0.0424869,0.0424945,0.0425028,0.0425032,0.0425046,0.0425078,0.0425083,0.0425162,0.0425186,0.0425194,0.042521,0.042521,0.0425259,0.0425295,0.0425304,0.0425328,0.0425428,0.0425449,0.0425482,0.0425592,0.0425621,0.0425644,0.0425652,0.0425656,0.0425693,0.0425698,0.0425739,0.0425846,0.0425853,0.0425897,0.0425951,0.0425955,0.0426041,0.0426084,0.0426251,0.0426285,0.0426307,0.042631,0.0426336,0.0426341,0.0426351,0.0426354,0.0426413,0.0426483,0.0426568,0.0426618,0.0426656,0.0426676,0.0426716,0.0426782,0.0426805,0.0426915,0.042695,0.042695,0.0427005,0.0427111,0.0427112,0.0427147,0.0427183,0.0427239,0.0427276,0.0427307,0.0427328,0.0427344,0.0427354,0.042736,0.04274,0.0427424,0.0427427,0.0427487,0.0427524,0.0427648,0.042765,0.0427652,0.0427708,0.0427816,0.0427945,0.0428134,0.042814,0.042824,0.0428246,0.0428275,0.0428277,0.0428281,0.0428298,0.0428323,0.0428325,0.0428417,0.042847,0.0428506,0.0428559,0.0428629,0.0428672,0.0428673,0.0428679,0.042869,0.042871,0.0428733,0.0428743,0.0428754,0.0428949,0.0429013,0.0429176,0.0429195,0.0429221,0.0429225,0.0429226,0.0429282,0.0429293,0.0429326,0.042934,0.0429354,0.0429518,0.0429529,0.0429725,0.0429762,0.0429768,0.042979,0.0429829,0.042984,0.0429921,0.0429925,0.0430078,0.0430139,0.0430141,0.0430232,0.0430255,0.0430334,0.0430467,0.0430522,0.0430713,0.0430748,0.0430823,0.0430839,0.0430904,0.0430948,0.0431013,0.0431141,0.0431211,0.0431384,0.043184,0.0431891,0.0431902,0.0431967,0.043197,0.0431988,0.0432026,0.0432061,0.043213,0.0432175,0.0432186,0.0432394,0.04324,0.0432762,0.0432769,0.043294,0.0433036,0.0433383,0.0433713,0.0433769,0.0433775,0.0434221,0.043423,0.0434545,0.0434552,0.0434686,0.0434838,0.0434889,0.0435035,0.0435038,0.0435445,0.0435569,0.043557,0.0435585,0.0435647,0.0435763,0.0435764,0.0436218,0.0436274,0.0436285,0.0436529,0.0436998,0.0437263,0.0437538,0.0437559,0.0437585,0.0437765,0.043819,0.0438314,0.043889,0.0439255,0.0439658,0.0440059,0.0440077,0.0440414,0.044053,0.0441041,0.0441199,0.0441404,,,,,,,,,,,,,,,,,,,,,,,,,,,,,,,,,,,,,,,,,,,,,,,,,,,,,,,,,,,,,,,,,,,,,,,,,,,,,,,,,,,,,,,,,,,,,,,,,,,,,,,,,,,,,,,,,,,,,,,,,,,,,,,,,,,,,,,,,,,,,,,,,,,,,,,,,,,,,,,,,,,,,,,,,,,,,,,,,,,,,,,,,,,,,,,,,,,,,,,,,,,,,,,,,,,,,,,,,,,,,,,,,,,,,,,,,,,,,,,,,,,,,,,,,,,,,,,,,,,,,,,,,,,,,,,,,,,,,,,,,,,,,,,,,,,,,,,,,,,,,,,,,,,,,,,,,,,,,,,,,,,,,,,,,,,,,,,,,,,,,,,,,,,,,,,,,,,,,,,,,,,,,,,,,,,,,,,,,,,,,,,,,,,,,,,,,,,,,,,,,,,,,,,,,,,,,,,,,,,,,,,,,,,,,,,,,,,,,,,,,,,,,,,,,,,,,,,,,,,,,,,,,,,,,,,,,,,,,,,,,,,,,,,,,,,,,,,,,,,,,,,,,,,,,,,,,,,,,,,
